-0.54,-0.017178893,,-540000
-0.541156791,-0.017108351,,-541156.7907
-0.542226847,-0.017041253,,-542226.8474
-0.543265571,-0.016975396,,-543265.5711
-0.544218466,-0.016912938,,-544218.4664
-0.545078794,-0.016854131,,-545078.7939
-0.545826799,-0.016799731,,-545826.7991
-0.546454043,-0.016750024,,-546454.043
-0.546953879,-0.016705198,,-546953.8788
-0.547324773,-0.016665206,,-547324.7728
-0.547568242,-0.016629846,,-547568.2424
-0.547688686,-0.016598767,,-547688.6864
-0.54769238,-0.016571516,,-547692.3795
-0.547586821,-0.016547567,,-547586.8209
-0.547380063,-0.016526366,,-547380.0628
-0.547080229,-0.016507356,,-547080.2286
-0.546695163,-0.016490015,,-546695.1634
-0.546232234,-0.016473868,,-546232.2336
-0.54569824,-0.01645851,,-545698.2397
-0.54509941,-0.01644361,,-545099.4099
-0.544441437,-0.016428916,,-544441.437
-0.543729526,-0.016414251,,-543729.5256
-0.542968426,-0.016399508,,-542968.4255
-0.542162435,-0.01638464,,-542162.435
-0.541315369,-0.01636965,,-541315.369
-0.540430493,-0.016354579,,-540430.4934
-0.539510434,-0.016339494,,-539510.4342
-0.538557074,-0.016324478,,-538557.0741
-0.537571449,-0.016309615,,-537571.4492
-0.536553663,-0.016294989,,-536553.6633
-0.535502832,-0.016280669,,-535502.8321
-0.534417073,-0.016266704,,-534417.0727
-0.533293549,-0.016253121,,-533293.5493
-0.532128583,-0.016239919,,-532128.5831
-0.53091783,-0.016227067,,-530917.8296
-0.529656521,-0.016214509,,-529656.521
-0.528339763,-0.01620216,,-528339.763
-0.52696287,-0.016189915,,-526962.8701
-0.525521715,-0.016177651,,-525521.7149
-0.524013067,-0.016165236,,-524013.0668
-0.52243489,-0.016152532,,-522434.89
-0.520786578,-0.016139408,,-520786.578
-0.519069104,-0.016125739,,-519069.1044
-0.517285081,-0.01611142,,-517285.0808
-0.515438722,-0.016096363,,-515438.7215
-0.513535725,-0.016080501,,-513535.7247
-0.511583087,-0.016063795,,-511583.087
-0.509588873,-0.016046224,,-509588.8731
-0.507561962,-0.016027789,,-507561.9616
-0.505511785,-0.016008509,,-505511.7849
-0.503448076,-0.015988415,,-503448.0759
-0.501380624,-0.015967548,,-501380.6244
-0.499319043,-0.015945958,,-499319.0427
-0.497272532,-0.015923694,,-497272.5316
-0.49524964,-0.015900809,,-495249.6396
-0.49325801,-0.015877355,,-493258.0104
-0.491304118,-0.01585338,,-491304.1175
-0.489392996,-0.015828933,,-489392.9955
-0.487527984,-0.015804062,,-487527.9842
-0.485710509,-0.015778812,,-485710.5088
-0.483939922,-0.015753228,,-483939.9216
-0.482213432,-0.015727353,,-482213.4319
-0.480526143,-0.015701228,,-480526.1431
-0.478871208,-0.015674889,,-478871.2084
-0.477240103,-0.015648367,,-477240.1032
-0.475623004,-0.015621683,,-475623.0036
-0.474009244,-0.015594847,,-474009.2435
-0.472387823,-0.015567856,,-472387.8229
-0.470747928,-0.015540688,,-470747.9282
-0.469079431,-0.015513305,,-469079.4311
-0.467373334,-0.015485656,,-467373.3336
-0.465622135,-0.015457671,,-465622.1352
-0.463820106,-0.015429272,,-463820.1059
-0.461963456,-0.015400375,,-461963.4561
-0.460050404,-0.015370899,,-460050.4044
-0.458081146,-0.015340767,,-458081.1459
-0.45605773,-0.015309918,,-456057.7304
-0.45398386,-0.01527831,,-453983.8604
-0.451864618,-0.015245925,,-451864.6177
-0.449706133,-0.015212771,,-449706.1326
-0.447515204,-0.01517888,,-447515.2043
-0.44529889,-0.015144309,,-445298.8899
-0.443064078,-0.015109129,,-443064.0783
-0.440817072,-0.015073424,,-440817.0716
-0.4385632,-0.01503728,,-438563.1998
-0.436306499,-0.015000776,,-436306.4988
-0.43404948,-0.014963975,,-434049.4802
-0.43179302,-0.014926917,,-431793.0202
-0.429536386,-0.014889613,,-429536.3856
-0.427277406,-0.014852044,,-427277.4064
-0.425012786,-0.014814156,,-425012.7858
-0.422738526,-0.014775865,,-422738.5264
-0.420450434,-0.014737065,,-420450.4343
-0.418144648,-0.014697631,,-418144.6476
-0.415818133,-0.014657431,,-415818.1333
-0.413469092,-0.014616337,,-413469.0918
-0.411097217,-0.014574235,,-411097.2172
-0.408703777,-0.014531033,,-408703.7768
-0.406291492,-0.014486673,,-406291.4918
-0.403864226,-0.014441133,,-403864.2264
-0.401426516,-0.014394431,,-401426.5159
-0.398982986,-0.014346626,,-398982.9855
-0.396537725,-0.014297814,,-396537.7253
-0.394093694,-0.014248121,,-394093.6944
-0.391652223,-0.014197697,,-391652.2228
-0.389212669,-0.014146709,,-389212.6694
-0.386772274,-0.014095325,,-386772.274
-0.38432622,-0.014043711,,-384326.2196
-0.381867895,-0.013992018,,-381867.8945
-0.379389325,-0.013940376,,-379389.3247
-0.376881726,-0.013888886,,-376881.7261
-0.37433612,-0.013837622,,-374336.1201
-0.371743948,-0.01378662,,-371743.9481
-0.369097633,-0.013735885,,-369097.6331
-0.366391038,-0.013685391,,-366391.0382
-0.363619797,-0.013635077,,-363619.7973
-0.3607815,-0.013584862,,-360781.4996
-0.357875735,-0.013534638,,-357875.7347
-0.354904011,-0.01348428,,-354904.0107
-0.351869573,-0.01343365,,-351869.5731
-0.348777152,-0.013382602,,-348777.1524
-0.345632672,-0.013330986,,-345632.6717
-0.342442942,-0.013278653,,-342442.9419
-0.339215365,-0.013225463,,-339215.3652
-0.335957662,-0.01317129,,-335957.6617
-0.332677627,-0.013116026,,-332677.6273
-0.329382922,-0.013059586,,-329382.922
-0.326080887,-0.013001918,,-326080.8866
-0.322778379,-0.012943,,-322778.3793
-0.319481626,-0.012882846,,-319481.6261
-0.316196079,-0.012821502,,-316196.0792
-0.312926279,-0.012759047,,-312926.2792
-0.309675725,-0.012695586,,-309675.725
-0.306446756,-0.01263124,,-306446.7559
-0.303240456,-0.012566143,,-303240.4563
-0.300056597,-0.012500427,,-300056.5965
-0.296893624,-0.012434214,,-296893.6235
-0.293748711,-0.012367607,,-293748.7114
-0.290617883,-0.012300684,,-290617.8834
-0.287496204,-0.01223349,,-287496.2042
-0.284378041,-0.012166041,,-284378.0408
-0.281257379,-0.012098321,,-281257.3787
-0.278128177,-0.012030288,,-278128.1772
-0.27498474,-0.011961882,,-274984.7402
-0.27182208,-0.011893035,,-271822.0796
-0.268636244,-0.011823677,,-268636.2444
-0.265424595,-0.011753754,,-265424.595
-0.262186002,-0.011683228,,-262186.0022
-0.258920957,-0.011612092,,-258920.9566
-0.255631579,-0.011540367,,-255631.5793
-0.252321529,-0.011468111,,-252321.5291
-0.248995809,-0.011395409,,-248995.8087
-0.245660476,-0.011322374,,-245660.4756
-0.242322273,-0.011249135,,-242322.2726
-0.238988197,-0.011175827,,-238988.1968
-0.235665033,-0.011102582,,-235665.0332
-0.232358886,-0.011029514,,-232358.8861
-0.229074742,-0.010956711,,-229074.7421
-0.225816104,-0.010884225,,-225816.1035
-0.222584724,-0.010812066,,-222584.7238
-0.219380473,-0.010740201,,-219380.4727
-0.216201344,-0.010668553,,-216201.344
-0.213043606,-0.010597003,,-213043.6063
-0.20990208,-0.010525406,,-209902.0802
-0.206770511,-0.01045359,,-206770.5111
-0.203641995,-0.010381378,,-203641.9951
-0.200509412,-0.010308592,,-200509.4115
-0.197365816,-0.010235071,,-197365.8156
-0.194204754,-0.010160676,,-194204.7535
-0.191020477,-0.010085302,,-191020.4771
-0.18780805,-0.010008882,,-187808.0495
-0.184563353,-0.009931385,,-184563.3531
-0.181283025,-0.00985282,,-181283.0248
-0.177964352,-0.009773229,,-177964.3516
-0.174605166,-0.009692676,,-174605.1657
-0.171203769,-0.009611247,,-171203.7688
-0.167758912,-0.009529034,,-167758.9121
-0.164269837,-0.009446125,,-164269.8368
-0.160736371,-0.009362604,,-160736.3713
-0.157159063,-0.009278533,,-157159.0632
-0.153539317,-0.009193957,,-153539.317
-0.149879504,-0.009108895,,-149879.504
-0.146183013,-0.009023344,,-146183.0133
-0.142454221,-0.008937277,,-142454.2208
-0.138698367,-0.008850649,,-138698.3665
-0.134921343,-0.008763399,,-134921.3431
-0.131129414,-0.008675457,,-131129.4142
-0.127328891,-0.008586746,,-127328.8906
-0.1235258,-0.008497191,,-123525.7999
-0.119725587,-0.00840672,,-119725.587
-0.115932877,-0.00831527,,-115932.8769
-0.112151325,-0.008222791,,-112151.3246
-0.108383564,-0.008129247,,-108383.5635
-0.104631248,-0.008034624,,-104631.2484
-0.100895181,-0.007938925,,-100895.181
-0.097175488,-0.007842177,,-97175.48826
-0.093471824,-0.007744431,,-93471.82374
-0.089783556,-0.007645759,,-89783.55577
-0.086109912,-0.007546257,,-86109.91249
-0.082450061,-0.007446042,,-82450.06115
-0.078803111,-0.007345246,,-78803.11117
-0.075168045,-0.007244013,,-75168.04457
-0.071543591,-0.00714249,,-71543.59056
-0.067928072,-0.007040827,,-67928.07218
-0.064319259,-0.006939158,,-64319.25921
-0.060714262,-0.006837605,,-60714.26239
-0.057109498,-0.006736264,,-57109.49848
-0.053500745,-0.006635202,,-53500.74507
-0.049883289,-0.006534453,,-49883.28905
-0.046252157,-0.006434018,,-46252.15711
-0.042602402,-0.006333866,,-42602.40172
-0.038929406,-0.006233936,,-38929.40588
-0.035229166,-0.006134142,,-35229.16579
-0.031498513,-0.006034381,,-31498.51347
-0.027735252,-0.00593454,,-27735.25163
-0.023938188,-0.005834503,,-23938.18823
-0.020107076,-0.005734158,,-20107.07604
-0.01624248,-0.005633402,,-16242.4798
-0.012345606,-0.00553215,,-12345.60641
-0.00841814,-0.005430336,,-8418.140127
-0.004462123,-0.005327913,,-4462.122571
-0.000479907,-0.005224861,,-479.9074576
0.003525797,-0.005121178,,3525.796944
0.007551805,-0.00501689,,7551.804731
0.011594276,-0.00491204,,11594.27593
0.01564853,-0.004806691,,15648.52993
0.0197089,-0.004700922,,19708.90048
0.023768683,-0.004594826,,23768.68332
0.027820216,-0.004488504,,27820.21631
0.031855113,-0.004382063,,31855.11322
0.035864647,-0.004275612,,35864.64743
0.039840256,-0.004169257,,39840.25609
0.043774112,-0.004063095,,43774.1122
0.047659697,-0.003957215,,47659.69688
0.051492298,-0.003851686,,51492.29823
0.055269369,-0.003746562,,55269.36931
0.058990694,-0.003641874,,58990.69424
0.062658336,-0.003537631,,62658.33647
0.066276373,-0.003433819,,66276.37253
0.069850444,-0.003330398,,69850.44356
0.073387182,-0.003227309,,73387.18188
0.076893585,-0.00312447,,76893.58511
0.080376416,-0.003021784,,80376.41609
0.0838417,-0.002919141,,83841.70019
0.087294375,-0.002816418,,87294.37522
0.090738126,-0.00271349,,90738.12559
0.094175405,-0.00261023,,94175.40519
0.097607628,-0.002506515,,97607.62769
0.101035481,-0.002402225,,101035.4814
0.104459313,-0.002297253,,104459.313
0.107879519,-0.002191501,,107879.5192
0.111296892,-0.00208488,,111296.8922
0.114712875,-0.001977319,,114712.8749
0.118129701,-0.001868756,,118129.7005
0.121550409,-0.001759143,,121550.4087
0.124978749,-0.001648445,,124978.7489
0.128418993,-0.00153664,,128418.9926
0.131875685,-0.001423721,,131875.6848
0.135353367,-0.001309696,,135353.3668
0.1388563,-0.001194589,,138856.3001
0.142388212,-0.001078443,,142388.2121
0.145952081,-0.000961318,,145952.0806
0.149549964,-0.000843297,,149549.9637
0.153182877,-0.000724479,,153182.8773
0.15685072,-0.000604983,,156850.7196
0.16055224,-0.000484942,,160552.2404
0.164285054,-0.000364498,,164285.0543
0.168045697,-0.000243801,,168045.6967
0.171829725,-0.000122994,,171829.7245
0.17563186,-2.21E-06,,175631.8598
0.179446176,0.000118422,,179446.1756
0.183266316,0.000238814,,183266.3156
0.18708574,0.000358893,,187085.7403
0.190897982,0.000478618,,190897.9818
0.194696894,0.000597978,,194696.8938
0.198476875,0.000716985,,198476.8751
0.202233053,0.000835677,,202233.0525
0.20596141,0.000954103,,205961.4096
0.209658854,0.001072322,,209658.8542
0.213323225,0.001190391,,213323.2246
0.216953241,0.001308359,,216953.2411
0.220548414,0.00142626,,220548.4139
0.224108924,0.00154411,,224108.9242
0.227635494,0.001661904,,227635.4936
0.231129258,0.001779612,,231129.2583
0.23459166,0.001897186,,234591.6596
0.238024357,0.002014559,,238024.3567
0.241429164,0.002131653,,241429.1641
0.24480801,0.002248379,,244808.0103
0.248162909,0.00236465,,248162.9089
0.251495936,0.002480379,,251495.9358
0.254809203,0.002595493,,254809.2028
0.258104822,0.002709928,,258104.8222
0.261384861,0.002823644,,261384.861
0.264651285,0.00293662,,264651.2848
0.2679059,0.003048862,,267905.9002
0.2711503,0.003160399,,271150.2999
0.274385823,0.003271289,,274385.8232
0.277613537,0.003381611,,277613.5374
0.280834247,0.003491467,,280834.2472
0.284048534,0.003600975,,284048.5338
0.287256821,0.003710264,,287256.8211
0.290459463,0.003819467,,290459.4634
0.293656845,0.003928714,,293656.8449
0.296849478,0.004038124,,296849.4784
0.30003809,0.004147797,,300038.0898
0.303223677,0.00425781,,303223.6766
0.306407527,0.004368212,,306407.5267
0.309591191,0.004479018,,309591.1913
0.312776406,0.004590211,,312776.4062
0.315964964,0.004701744,,315964.9643
0.319158546,0.004813543,,319158.5458
0.32235852,0.004925515,,322358.5199
0.325565737,0.005037551,,325565.7374
0.328780336,0.005149541,,328780.3357
0.332001581,0.005261381,,332001.5808
0.335227768,0.005372978,,335227.7682
0.338456199,0.005484259,,338456.199
0.341683242,0.005595179,,341683.2424
0.344904481,0.005705718,,344904.4812
0.348114933,0.005815883,,348114.9333
0.351309327,0.005925706,,351309.3268
0.354482403,0.006035235,,354482.4027
0.357629216,0.006144533,,357629.2158
0.360745406,0.006253662,,360745.4055
0.36382741,0.006362686,,363827.4102
0.366872612,0.006471653,,366872.6124
0.369879405,0.006580598,,369879.405
0.372847182,0.006689535,,372847.1821
0.375776266,0.006798454,,375776.2664
0.378667786,0.006907326,,378667.786
0.381523521,0.007016103,,381523.5214
0.384345738,0.00712472,,384345.7382
0.387137022,0.007233102,,387137.0217
0.389900124,0.007341167,,389900.124
0.392637832,0.007448835,,392637.8323
0.395352861,0.007556031,,395352.8612
0.398047774,0.00766269,,398047.7742
0.400724932,0.007768761,,400724.9319
0.40338647,0.007874213,,403386.4698
0.406034301,0.007979036,,406034.3006
0.408670137,0.008083238,,408670.1371
0.411295528,0.008186851,,411295.5278
0.413911892,0.008289927,,413911.8924
0.416520543,0.008392532,,416520.5432
0.419122679,0.008494745,,419122.6786
0.421719334,0.008596653,,421719.3335
0.424311282,0.008698343,,424311.2824
0.426898896,0.008799895,,426898.8961
0.429481966,0.008901379,,429481.9655
0.432059517,0.00900285,,432059.5165
0.43462965,0.009104343,,434629.6503
0.437189447,0.009205872,,437189.447
0.439734969,0.009307432,,439734.9685
0.44226139,0.009408997,,442261.3901
0.444763273,0.009510528,,444763.2728
0.447234972,0.009611974,,447234.9724
0.449671156,0.009713278,,449671.1558
0.452067379,0.009814379,,452067.3788
0.454420663,0.009915217,,454420.6625
0.456729998,0.010015733,,456729.9981
0.458996714,0.010115871,,458996.7139
0.461224648,0.010215575,,461224.6479
0.463420091,0.010314786,,463420.0909
0.465591492,0.010413443,,465591.4916
0.467748942,0.010511475,,467748.9421
0.469903489,0.010608806,,469903.4893
0.472066338,0.01070535,,472066.3381
0.474248025,0.010801017,,474248.0252
0.476457642,0.010895711,,476457.6419
0.478702179,0.010989339,,478702.1787
0.480986045,0.011081816,,480986.0453
0.4833108,0.011173072,,483310.7999
0.485675092,0.011263054,,485675.0918
0.488074804,0.011351738,,488074.8037
0.490503359,0.011439124,,490503.3587
0.492952144,0.011525244,,492952.1438
0.495411003,0.011610157,,495411.0032
0.497868755,0.011693949,,497868.7554
0.500313699,0.011776725,,500313.6992
0.502734088,0.011858607,,502734.0884
0.505118567,0.011939722,,505118.5672
0.50745657,0.012020199,,507456.5701
0.509738695,0.01210016,,509738.6947
0.511957058,0.012179717,,511957.0579
0.514105636,0.012258963,,514105.6364
0.516180587,0.012337973,,516180.5874
0.518180527,0.012416798,,518180.5269
0.520106738,0.012495469,,520106.7379
0.521963271,0.012573994,,521963.2705
0.523756895,0.012652364,,523756.8952
0.525496878,0.01273055,,525496.8777
0.527194558,0.012808512,,527194.5576
0.528862733,0.012886197,,528862.7326
0.530514872,0.012963545,,530514.8724
0.532164211,0.013040489,,532164.2111
0.533822787,0.013116961,,533822.787
0.535500511,0.01319289,,535500.5112
0.537204354,0.013268208,,537204.3537
0.538937731,0.013342851,,538937.7306
0.54070016,0.013416759,,540700.1598
0.542487233,0.013489877,,542487.2332
0.544290922,0.013562163,,544290.9219
0.546100199,0.01363358,,546100.1994
0.547901939,0.013704101,,547901.9392
0.549682012,0.013773713,,549682.012
0.551426488,0.013842409,,551426.4884
0.553122843,0.013910191,,553122.8434
0.554761052,0.01397707,,554761.0515
0.556334474,0.014043061,,556334.4743
0.557840456,0.014108181,,557840.4562
0.559280573,0.014172451,,559280.5727
0.560660503,0.014235889,,560660.5027
0.561989534,0.014298515,,561989.5343
0.563279745,0.014360346,,563279.7447
0.564544929,0.014421398,,564544.9285
0.56579937,0.014481688,,565799.37
0.567056574,0.014541236,,567056.5743
0.568328075,0.014600064,,568328.0747
0.569622429,0.0146582,,569622.4294
0.570944502,0.014715682,,570944.5022
0.572295093,0.014772552,,572295.0933
0.573670954,0.014828861,,573670.9537
0.575065176,0.014884666,,575065.1761
0.576467918,0.014940024,,576467.9178
0.577867378,0.014994993,,577867.3783
0.579250928,0.015049626,,579250.9275
0.580606269,0.015103964,,580606.2691
0.581922521,0.015158032,,581922.5208
0.583191108,0.015211834,,583191.108
0.584406389,0.015265353,,584406.3887
0.58556596,0.015318544,,585565.9595
0.586670631,0.015371338,,586670.6311
0.587724093,0.015423642,,587724.0928
0.588732321,0.015475346,,588732.3212
0.58970281,0.015526324,,589702.8097
0.590643707,0.015576449,,590643.7072
0.59156296,0.015625592,,591562.9603
0.592467543,0.015673637,,592467.5425
0.593362838,0.015720485,,593362.8379
0.594252226,0.015766062,,594252.2256
0.595136886,0.015810319,,595136.8856
0.596015823,0.015853235,,596015.8225
0.596886082,0.015894819,,596886.0815
0.597743118,0.015935099,,597743.1175
0.598581265,0.015974126,,598581.265
0.599394255,0.016011959,,599394.2553
0.600175731,0.016048665,,600175.7306
0.60091971,0.016084309,,600919.7097
0.601620974,0.016118953,,601620.9738
0.602275352,0.016152649,,602275.3517
0.602879897,0.01618544,,602879.8973
0.603432965,0.016217362,,603432.9645
0.603934192,0.016248447,,603934.1916
0.604384417,0.016278722,,604384.4167
0.604785545,0.016308219,,604785.5449
0.60514039,0.016336974,,605140.39
0.605452508,0.016365033,,605452.5079
0.605726036,0.016392453,,605726.0358
0.605965543,0.016419297,,605965.5426
0.606175891,0.016445639,,606175.8911
0.606362109,0.016471552,,606362.109
0.60652926,0.016497112,,606529.26
0.606682308,0.016522381,,606682.3079
0.606825969,0.016547413,,606825.9693
0.606964552,0.01657224,,606964.5522
0.607101787,0.016596874,,607101.7867
0.607240655,0.016621304,,607240.6553
0.607383239,0.016645497,,607383.2391
0.607530597,0.016669396,,607530.5973
0.607682697,0.016692932,,607682.6972
0.607838411,0.016716022,,607838.4108
0.607995588,0.016738578,,607995.5879
0.608151209,0.016760513,,608151.2086
0.608301609,0.016781742,,608301.6092
0.608442766,0.016802194,,608442.766
0.608570615,0.016821804,,608570.6148
0.608681377,0.016840523,,608681.3768
0.608771858,0.016858312,,608771.8584
0.608839695,0.016875144,,608839.6946
0.608883506,0.016891,,608883.5058
0.60890295,0.016905868,,608902.95
0.608898658,0.016919741,,608898.6578
0.608872051,0.016932614,,608872.0511
0.608825059,0.01694449,,608825.0593
0.608759758,0.016955373,,608759.758
0.608677965,0.016965273,,608677.9646
0.608580834,0.016974207,,608580.8336
0.608468495,0.0169822,,608468.495
0.608339781,0.016989287,,608339.7813
0.608192077,0.016995511,,608192.0774
0.60802132,0.017000922,,608021.3203
0.607822158,0.017005579,,607822.1582
0.607588264,0.017009543,,607588.2642
0.607312779,0.017012875,,607312.7785
0.606988843,0.017015634,,606988.8427
0.606610173,0.017017872,,606610.1729
0.606171615,0.017019628,,606171.6153
0.605669626,0.017020931,,605669.626
0.605102626,0.017021795,,605102.626
0.604471192,0.017022216,,604471.1921
0.603778067,0.017022179,,603778.0666
0.603027985,0.017021652,,603027.9847
0.602227342,0.017020594,,602227.3422
0.60138374,0.017018958,,601383.7396
0.600505453,0.017016692,,600505.4533
0.599600889,0.017013745,,599600.889
0.598678067,0.017010071,,598678.0672
0.597744186,0.017005631,,597744.186
0.596805289,0.017000398,,596805.2894
0.595866053,0.016994356,,595866.0525
0.594929681,0.016987499,,594929.6807
0.593997905,0.016979837,,593997.905
0.593071048,0.016971385,,593071.0479
0.592148132,0.016962168,,592148.1322
0.591227009,0.016952214,,591227.0086
0.590304487,0.016941554,,590304.4869
0.589376467,0.01693022,,589376.4671
0.588438076,0.016918241,,588438.0758
0.587483825,0.016905646,,587483.8247
0.586507808,0.016892459,,586507.8078
0.585503954,0.016878707,,585503.9538
0.584466341,0.016864414,,584466.3412
0.58338957,0.016849607,,583389.5697
0.582269169,0.016834314,,582269.1685
0.581102007,0.016818568,,581102.0065
0.579886659,0.016802401,,579886.6592
0.578623682,0.016785849,,578623.6824
0.577315747,0.016768948,,577315.7473
0.5759676,0.016751734,,575967.6001
0.574585827,0.016734241,,574585.8272
0.57317843,0.016716496,,573178.4298
0.571754234,0.016698526,,571754.2337
0.570322181,0.01668035,,570322.1813
0.56889057,0.016661982,,568890.5704
0.567466313,0.016643432,,567466.3132
0.56605429,0.016624706,,566054.2896
0.564656862,0.016605804,,564656.8617
0.563273601,0.016586724,,563273.6006
0.561901255,0.016567459,,561901.2549
0.560533965,0.016547996,,560533.9654
0.559163708,0.016528321,,559163.7076
0.55778092,0.016508408,,557780.9201
0.556375259,0.016488228,,556375.2594
0.554936416,0.016467742,,554936.4159
0.553454917,0.016446904,,553454.9169
0.551922855,0.016425659,,551922.8549
0.550334483,0.016403951,,550334.4829
0.548686641,0.01638172,,548686.6406
0.546978986,0.016358909,,546978.9863
0.545214032,0.016335464,,545214.0324
0.543396993,0.016311347,,543396.9929
0.541535468,0.016286529,,541535.4676
0.539638993,0.016261003,,539638.9931
0.537718498,0.016234778,,537718.4975
0.535785694,0.016207886,,535785.6944
0.533852453,0.016180375,,533852.453
0.531930176,0.016152309,,531930.1756
0.530029212,0.016123763,,530029.2115
0.528158331,0.01609482,,528158.3306
0.526324278,0.016065559,,526324.2779
0.524531425,0.016036055,,524531.4251
0.522781532,0.016006371,,522781.532
0.521073628,0.015976553,,521073.6284
0.51940402,0.015946629,,519404.0197
0.517766419,0.015916606,,517766.4188
0.516152199,0.015886471,,516152.1985
0.514550755,0.015856189,,514550.7546
0.512949965,0.015825714,,512949.9647
0.511336721,0.015794982,,511336.7209
0.509697513,0.015763923,,509697.513
0.508019034,0.015732463,,508019.0335
0.506288774,0.015700525,,506288.7739
0.504495583,0.015668035,,504495.5834
0.502630159,0.015634924,,502630.1591
0.500685443,0.015601133,,500685.4429
0.498656902,0.015566607,,498656.9017
0.496542674,0.015531304,,496542.6736
0.494343572,0.015495191,,494343.5722
0.492062947,0.015458244,,492062.9469
0.489706406,0.015420451,,489706.4064
0.487281425,0.015381809,,487281.4252
0.484796857,0.015342322,,484796.8571
0.482262392,0.015302008,,482262.3921
0.479687995,0.015260888,,479687.9947
0.477083366,0.015218994,,477083.366
0.474457467,0.01517636,,474457.4669
0.471818138,0.015133027,,471818.1383
0.469171839,0.015089036,,469171.8389
0.466523515,0.015044424,,466523.5151
0.463876598,0.014999229,,463876.5978
0.461233115,0.014953477,,461233.1146
0.458593889,0.01490719,,458593.8887
0.455958794,0.014860375,,455958.7941
0.45332703,0.014813029,,453327.0297
0.45069738,0.014765137,,450697.3798
0.448068433,0.014716675,,448068.433
0.445438741,0.014667608,,445438.7408
0.442806909,0.014617898,,442806.9088
0.440171624,0.014567503,,440171.6238
0.437531628,0.014516385,,437531.6284
0.434885663,0.014464509,,434885.6628
0.432232393,0.014411852,,432232.3933
0.429570349,0.014358398,,429570.3489
0.426897881,0.014304148,,426897.881
0.424213158,0.014249112,,424213.1577
0.421514195,0.014193315,,421514.1946
0.41879892,0.014136794,,418798.9199
0.416065267,0.014079595,,416065.2673
0.413311285,0.01402177,,413311.2849
0.41053525,0.013963379,,410535.2499
0.407735781,0.013904483,,407735.7812
0.40491194,0.013845144,,404911.9398
0.402063316,0.013785425,,402063.3164
0.399190101,0.013725386,,399190.1007
0.396293134,0.013665084,,396293.1341
0.393373945,0.013604573,,393373.945
0.390434763,0.013543902,,390434.7632
0.387478514,0.013483112,,387478.5138
0.384508783,0.013422239,,384508.7831
0.381529752,0.013361306,,381529.7522
0.378546094,0.013300326,,378546.0944
0.37556283,0.013239297,,375562.8297
0.372585139,0.013178202,,372585.1388
0.369618138,0.013117009,,369618.1378
0.366666622,0.013055673,,366666.622
0.363734791,0.012994134,,363734.7912
0.360825972,0.012932327,,360825.9722
0.357942357,0.012870183,,357942.3567
0.355084774,0.012807639,,355084.7741
0.352252518,0.012744637,,352252.5179
0.349443241,0.012681138,,349443.2413
0.346652933,0.012617121,,346652.9333
0.343875985,0.012552585,,343875.9845
0.341105343,0.012487551,,341105.3425
0.338332755,0.012422062,,338332.7549
0.335549091,0.012356169,,335549.0907
0.332744727,0.012289935,,332744.7274
0.329909988,0.012223421,,329909.9879
0.327035607,0.012156681,,327035.6067
0.324113204,0.012089752,,324113.2043
0.321135746,0.01202265,,321135.7456
0.318097958,0.011955365,,318097.9583
0.314996685,0.011887862,,314996.6845
0.311831141,0.011820079,,311831.141
0.308603064,0.011751934,,308603.0635
0.305316714,0.01168333,,305316.7141
0.301978736,0.011614162,,301978.7364
0.298597851,0.011544325,,298597.8512
0.295184396,0.011473722,,295184.3962
0.291749726,0.011402272,,291749.7263
0.288305506,0.011329915,,288305.5062
0.28486294,0.011256612,,284862.9395
0.281431991,0.01118235,,281431.9913
0.278020668,0.011107135,,278020.6683
0.274634421,0.011030994,,274634.421
0.271275729,0.010953966,,271275.7286
0.26794391,0.010876099,,267943.9103
0.264635193,0.010797444,,264635.1932
0.261343036,0.010718047,,261343.0364
0.258058691,0.010637954,,258058.6909
0.254771948,0.010557199,,254771.948
0.251472009,0.010475812,,251472.0089
0.248148398,0.010393814,,248148.3978
0.244791836,0.010311223,,244791.8356
0.241394994,0.010228053,,241394.9944
0.23795307,0.010144319,,237953.0696
0.234464124,0.010060034,,234464.1236
0.230929179,0.009975212,,230929.1786
0.227352061,0.009889869,,227352.0607
0.223739022,0.009804014,,223739.0224
0.220098186,0.009717654,,220098.186
0.216438867,0.009630786,,216438.8672
0.212770843,0.009543395,,212770.8434
0.209103633,0.009455455,,209103.6334
0.205445848,0.009366927,,205445.8482
0.201804663,0.00927776,,201804.6629
0.198185446,0.009187898,,198185.4463
0.194591567,0.009097281,,194591.5668
0.191024378,0.009005856,,191024.3778
0.187483368,0.008913582,,187483.3681
0.183966452,0.008820435,,183966.4517
0.180470356,0.008726415,,180470.3555
0.176991063,0.008631551,,176991.0631
0.173524264,0.008535897,,173524.2644
0.170065768,0.008439533,,170065.7678
0.166611834,0.00834256,,166611.8338
0.163159402,0.00824509,,163159.4021
0.159706193,0.00814724,,159706.1933
0.156250684,0.008049121,,156250.6837
0.15279196,0.007950829,,152791.9603
0.149329481,0.007852437,,149329.4813
0.145862773,0.007753994,,145862.7729
0.142391103,0.007655518,,142391.1032
0.138913176,0.007556999,,138913.1755
0.135426882,0.007458402,,135426.8818
0.131929153,0.007359675,,131929.1528
0.12841593,0.007260756,,128415.9299
0.124882273,0.007161578,,124882.2729
0.121322602,0.007062082,,121322.6017
0.117731058,0.006962221,,117731.0576
0.114101955,0.006861964,,114101.9549
0.110430282,0.006761299,,110430.282
0.106712206,0.006660234,,106712.2056
0.10294553,0.006558792,,102945.5296
0.099130062,0.006457011,,99130.06174
0.09526785,0.006354934,,95267.84965
0.09136326,0.006252604,,91363.26013
0.087422889,0.006150061,,87422.8894
0.083455308,0.006047339,,83455.30802
0.079470659,0.005944455,,79470.65906
0.075480141,0.005841417,,75480.14101
0.071495416,0.005738221,,71495.41639
0.067527992,0.005634848,,67527.99162
0.063588615,0.005531277,,63588.61468
0.059686733,0.005427477,,59686.73308
0.055830048,0.005323419,,55830.04776
0.052024189,0.005219076,,52024.18907
0.04827253,0.005114423,,48272.53022
0.044576143,0.005009443,,44576.14312
0.040933891,0.004904121,,40933.89117
0.037342645,0.00479845,,37342.64493
0.033797599,0.004692425,,33797.59904
0.030292663,0.004586046,,30292.66322
0.026820896,0.004479312,,26820.89557
0.023374944,0.004372224,,23374.9442
0.019947462,0.004264785,,19947.46234
0.016531464,0.004156997,,16531.46384
0.01312059,0.004048863,,13120.59021
0.009709268,0.003940391,,9709.267826
0.006292744,0.003831593,,6292.744328
0.002867006,0.003722483,,2867.005901
-0.000571408,0.003613083,,-571.4083145
-0.004025665,0.003503422,,-4025.664681
-0.007498925,0.003393532,,-7498.924599
-0.010994616,0.003283449,,-10994.61604
-0.014516637,0.003173212,,-14516.63683
-0.018069446,0.00306286,,-18069.4455
-0.021658008,0.00295243,,-21658.00831
-0.02528759,0.002841955,,-25287.59012
-0.028963399,0.002731462,,-28963.39898
-0.032690116,0.002620971,,-32690.11643
-0.036471365,0.002510494,,-36471.3653
-0.040309179,0.002400038,,-40309.17907
-0.044203541,0.0022896,,-44203.54126
-0.048152058,0.002179176,,-48152.05806
-0.052149812,0.002068755,,-52149.81241
-0.056189427,0.001958324,,-56189.42723
-0.06026134,0.00184787,,-60261.33966
-0.064354264,0.001737378,,-64354.26379
-0.068455798,0.001626836,,-68455.79769
-0.072553116,0.00151623,,-72553.1161
-0.076633683,0.00140555,,-76633.68332
-0.080685923,0.001294786,,-80685.92344
-0.084699794,0.00118393,,-84699.79423
-0.088667226,0.001072977,,-88667.22623
-0.092582406,0.000961925,,-92582.4058
-0.096441898,0.000850774,,-96441.89814
-0.100244621,0.000739533,,-100244.6208
-0.103991689,0.00062821,,-103991.6885
-0.107686156,0.000516823,,-107686.1557
-0.111332685,0.000405389,,-111332.6853
-0.114937169,0.000293933,,-114937.1685
-0.118506319,0.000182476,,-118506.3188
-0.122047259,7.10E-05,,-122047.2587
-0.125567113,-4.04E-05,,-125567.1132
-0.129072625,-0.00015174,,-129072.6247
-0.132569801,-0.00026308,,-132569.8009
-0.136063611,-0.000374411,,-136063.6105
-0.13955774,-0.000485765,,-139557.7403
-0.14305443,-0.00059719,,-143054.4297
-0.146554394,-0.000708743,,-146554.3941
-0.150056851,-0.000820486,,-150056.8508
-0.15355965,-0.000932485,,-153559.6501
-0.157059511,-0.001044804,,-157059.5111
-0.160552353,-0.001157496,,-160552.3527
-0.164033697,-0.001270605,,-164033.6973
-0.167499122,-0.001384158,,-167499.1219
-0.170944718,-0.001498164,,-170944.7175
-0.174367518,-0.001612615,,-174367.5182
-0.177765854,-0.001727484,,-177765.8544
-0.181139594,-0.001842731,,-181139.5938
-0.184490236,-0.0019583,,-184490.2359
-0.187820842,-0.002074126,,-187820.8415
-0.191135795,-0.002190137,,-191135.7952
-0.194440414,-0.002306257,,-194440.4139
-0.197740439,-0.002422406,,-197740.4387
-0.201041458,-0.002538504,,-201041.4576
-0.204348324,-0.00265447,,-204348.3242
-0.207664637,-0.002770223,,-207664.6371
-0.210992346,-0.002885682,,-210992.3456
-0.214331532,-0.003000765,,-214331.5321
-0.217680404,-0.00311539,,-217680.4039
-0.221035503,-0.003229477,,-221035.5033
-0.224392117,-0.003342946,,-224392.1172
-0.227744844,-0.003455724,,-227744.8444
-0.231088258,-0.003567741,,-231088.2579
-0.234417591,-0.003678941,,-234417.591
-0.237729369,-0.003789279,,-237729.3685
-0.241021919,-0.003898731,,-241021.9185
-0.244295707,-0.00400729,,-244295.7074
-0.24755347,-0.004114976,,-247553.4696
-0.25080012,-0.004221831,,-250800.1199
-0.254042461,-0.004327926,,-254042.4613
-0.257288723,-0.004433351,,-257288.7225
-0.260547966,-0.004538218,,-260547.9658
-0.26382942,-0.004642654,,-263829.4204
-0.267141791,-0.004746793,,-267141.7911
-0.270492592,-0.00485077,,-270492.5918
-0.273887545,-0.004954712,,-273887.5446
-0.277330077,-0.005058734,,-277330.0768
-0.280820942,-0.005162928,,-280820.9415
-0.284357977,-0.005267359,,-284357.9774
-0.28793602,-0.005372065,,-287936.0202
-0.291546974,-0.005477054,,-291546.974
-0.295180043,-0.005582304,,-295180.0425
-0.29882212,-0.005687768,,-298822.12
-0.302458332,-0.005793382,,-302458.332
-0.306072708,-0.005899064,,-306072.708
-0.309648959,-0.006004727,,-309648.9591
-0.313171322,-0.006110282,,-313171.3216
-0.316625418,-0.006215642,,-316625.4181
-0.31999908,-0.006320731,,-319999.0796
-0.323283067,-0.00642548,,-323283.0674
-0.326471636,-0.006529836,,-326471.6364
-0.329562888,-0.006633757,,-329562.8876
-0.332558873,-0.00673721,,-332558.8729
-0.335465433,-0.006840175,,-335465.4328
-0.338291773,-0.00694264,,-338291.7732
-0.341049809,-0.007044598,,-341049.8087
-0.343753325,-0.007146051,,-343753.3247
-0.346417029,-0.007247005,,-346417.029
-0.349055572,-0.00734747,,-349055.5721
-0.351682622,-0.007447464,,-351682.6221
-0.354310069,-0.007547011,,-354310.0693
-0.356947424,-0.007646144,,-356947.4235
-0.359601441,-0.007744902,,-359601.4406
-0.362275993,-0.007843331,,-362275.9929
-0.364972168,-0.007941484,,-364972.1678
-0.367688556,-0.008039417,,-367688.5561
-0.370421676,-0.008137186,,-370421.6756
-0.373166467,-0.008234845,,-373166.4667
-0.375916796,-0.008332442,,-375916.7964
-0.37866592,-0.008430015,,-378665.9198
-0.381406863,-0.00852759,,-381406.8626
-0.384132708,-0.008625175,,-384132.7081
-0.386836793,-0.008722765,,-386836.7932
-0.389512833,-0.008820338,,-389512.8334
-0.392155005,-0.008917856,,-392155.005
-0.394758018,-0.009015269,,-394758.0184
-0.397317207,-0.009112516,,-397317.2074
-0.39982865,-0.00920953,,-399828.65
-0.402289323,-0.009306237,,-402289.3226
-0.404697272,-0.009402569,,-404697.2722
-0.40705178,-0.009498455,,-407051.7801
-0.409353487,-0.009593835,,-409353.4868
-0.411604442,-0.009688653,,-411604.4419
-0.413808058,-0.009782867,,-413808.0577
-0.41596895,-0.009876445,,-415968.9495
-0.418092669,-0.009969367,,-418092.6692
-0.420185351,-0.010061626,,-420185.3511
-0.422253304,-0.010153227,,-422253.3039
-0.424302596,-0.010244186,,-424302.5955
-0.426338676,-0.010334526,,-426338.6757
-0.428366083,-0.010424279,,-428366.0827
-0.430388264,-0.010513478,,-430388.2641
-0.432407531,-0.010602155,,-432407.5314
-0.434425145,-0.010690339,,-434425.1449
-0.436441511,-0.010778049,,-436441.5114
-0.438456459,-0.010865296,,-438456.4591
-0.440469546,-0.010952076,,-440469.5455
-0.442480353,-0.011038372,,-442480.3528
-0.444488727,-0.011124154,,-444488.7271
-0.44649493,-0.011209381,,-446494.9299
-0.448499687,-0.011294003,,-448499.687
-0.450504136,-0.01137797,,-450504.136
-0.452509691,-0.011461227,,-452509.691
-0.454517858,-0.011543727,,-454517.8583
-0.456530044,-0.011625431,,-456530.0441
-0.458547394,-0.011706309,,-458547.3941
-0.460570702,-0.011786347,,-460570.7024
-0.462600411,-0.011865537,,-462600.4113
-0.464636707,-0.011943886,,-464636.7073
-0.466679701,-0.012021407,,-466679.7006
-0.468729658,-0.012098119,,-468729.6578
-0.470787243,-0.012174039,,-470787.2426
-0.472853716,-0.012249187,,-472853.716
-0.474931047,-0.012323577,,-474931.0471
-0.477021893,-0.012397219,,-477021.8929
-0.479129426,-0.012470119,,-479129.4264
-0.481257009,-0.012542282,,-481257.0088
-0.483407725,-0.01261371,,-483407.7253
-0.485583827,-0.012684411,,-485583.8266
-0.487786134,-0.012754396,,-487786.1344
-0.490013477,-0.012823687,,-490013.4768
-0.492262225,-0.012892313,,-492262.2254
-0.494525996,-0.012960317,,-494525.9962
-0.496795564,-0.013027749,,-496795.5643
-0.499059019,-0.013094667,,-499059.0193
-0.501302169,-0.013161134,,-501302.1685
-0.503509169,-0.013227214,,-503509.1685
-0.505663343,-0.013292966,,-505663.3434
-0.507748132,-0.01335844,,-507748.1317
-0.509748092,-0.013423675,,-509748.0915
-0.511649887,-0.013488693,,-511649.8865
-0.51344318,-0.0135535,,-513443.1799
-0.515121368,-0.013618081,,-515121.3678
-0.516682099,-0.013682403,,-516682.0987
-0.518127539,-0.013746414,,-518127.5391
-0.519464366,-0.013810048,,-519464.3656
-0.520703481,-0.013873226,,-520703.4808
-0.521859469,-0.013935862,,-521859.4685
-0.522949821,-0.013997866,,-522949.821
-0.523993983,-0.01405915,,-523993.9829
-0.52501227,-0.014119632,,-525012.2698
-0.526024725,-0.014179242,,-526024.7245
-0.527049978,-0.014237924,,-527049.9781
-0.528104186,-0.014295638,,-528104.1858
-0.5292001,-0.014352361,,-529200.0996
-0.530346336,-0.014408088,,-530346.3364
-0.531546888,-0.014462827,,-531546.8883
-0.532800908,-0.014516599,,-532800.9079
-0.534102789,-0.014569434,,-534102.7885
-0.535442539,-0.014621366,,-535442.5387
-0.536806434,-0.014672434,,-536806.434
-0.53817791,-0.014722673,,-538177.9101
-0.539538644,-0.014772121,,-539538.6437
-0.540869752,-0.014820809,,-540869.7516
-0.542153029,-0.014868769,,-542153.0287
-0.543372136,-0.014916027,,-543372.1361
-0.544513654,-0.014962613,,-544513.654
-0.545567917,-0.015008553,,-545567.9165
-0.546529566,-0.015053876,,-546529.5658
-0.547397778,-0.01509861,,-547397.7784
-0.54817615,-0.015142784,,-548176.1495
-0.548872247,-0.015186428,,-548872.2472
-0.549496881,-0.015229569,,-549496.8806
-0.550063155,-0.015272228,,-550063.1549
-0.550585401,-0.015314424,,-550585.4009
-0.551078084,-0.015356165,,-551078.0842
-0.551554792,-0.015397453,,-551554.7918
-0.552027387,-0.015438276,,-552027.3865
-0.552505394,-0.015478615,,-552505.3937
-0.552995659,-0.01551844,,-552995.6586
-0.553502277,-0.015557711,,-553502.2774
-0.554026776,-0.015596383,,-554026.776
-0.554568482,-0.015634408,,-554568.4822
-0.555125023,-0.015671734,,-555125.0233
-0.555692871,-0.015708312,,-555692.8709
-0.556267862,-0.015744096,,-556267.8618
-0.556845636,-0.015779043,,-556845.6356
-0.557421951,-0.015813119,,-557421.9513
-0.557992868,-0.015846295,,-557992.8678
-0.558554796,-0.015878551,,-558554.7963
-0.559104451,-0.01590987,,-559104.4505
-0.559638734,-0.015940247,,-559638.7343
-0.560154609,-0.015969679,,-560154.6094
-0.560648985,-0.01599817,,-560648.985
-0.56111866,-0.016025732,,-561118.6603
-0.56156034,-0.016052381,,-561560.3402
-0.561970728,-0.016078141,,-561970.7277
-0.562346685,-0.01610304,,-562346.6848
-0.562685442,-0.016127114,,-562685.442
-0.562984827,-0.016150401,,-562984.8272
-0.563243486,-0.016172944,,-563243.4859
-0.563461063,-0.016194788,,-563461.0625
-0.563638319,-0.016215977,,-563638.3193
-0.563777177,-0.01623655,,-563777.1768
-0.563880669,-0.016256545,,-563880.6686
-0.563952811,-0.01627599,,-563952.8111
-0.5639984,-0.016294905,,-563998.3998
-0.564022748,-0.016313303,,-564022.7481
-0.56403139,-0.016331187,,-564031.3903
-0.564029774,-0.016348553,,-564029.7738
-0.564022963,-0.016365396,,-564022.9631
-0.564015378,-0.01638171,,-564015.3782
-0.564010585,-0.016397495,,-564010.5845
-0.564011145,-0.016412767,,-564011.1448
-0.564018539,-0.01642756,,-564018.5389
-0.56403315,-0.016441937,,-564033.1497
-0.564054308,-0.016455998,,-564054.3076
-0.564080384,-0.016469884,,-564080.384
-0.564108921,-0.016483786,,-564108.9211
-0.564136785,-0.016497945,,-564136.7849
-0.564160333,-0.016512656,,-564160.3325
-0.564175586,-0.016528257,,-564175.5857
-0.564178409,-0.016545127,,-564178.4085
-0.564164686,-0.016563668,,-564164.6857
-0.564130508,-0.016584288,,-564130.5075
-0.564072353,-0.016607378,,-564072.3526
-0.563987286,-0.016633286,,-563987.2861
-0.563873125,-0.016662288,,-563873.1245
-0.563728665,-0.016694561,,-563728.6651
-0.563553694,-0.016730172,,-563553.6939
-0.563349452,-0.016769019,,-563349.4517
-0.56311777,-0.01681093,,-563117.7696
-0.562863376,-0.016855392,,-562863.3764
-0.562587859,-0.016902246,,-562587.8586
-0.562304627,-0.016949971,,-562304.6271
-0.562,-0.017000137,,-562000
